Product ID,Product Position,Promotion,Product Category,Seasonal,Sales Volume,price,terms,section
185102,Aisle,No,Clothing,No,2823,19.99,jackets,MAN
188771,Aisle,No,Clothing,No,654,169,jackets,MAN
180176,End-cap,Yes,Clothing,Yes,2220,129,jackets,MAN
112917,Aisle,Yes,Clothing,Yes,1568,129,jackets,MAN
192936,End-cap,No,Clothing,Yes,2942,139,jackets,MAN
117590,End-cap,No,Clothing,No,2968,79.9,jackets,MAN
189118,Front of Store,Yes,Clothing,Yes,952,69.99,jackets,MAN
182157,Aisle,No,Clothing,No,2421,159,jackets,MAN
141861,Aisle,Yes,Clothing,Yes,1916,169,jackets,MAN
137121,Aisle,No,Clothing,Yes,656,169,jackets,MAN
113143,Aisle,Yes,Clothing,Yes,2663,129,jackets,MAN
140028,Aisle,Yes,Clothing,Yes,1260,159,jackets,MAN
134693,Aisle,Yes,Clothing,No,2124,169,jackets,MAN
151396,Front of Store,Yes,Clothing,Yes,729,439,jackets,MAN
132889,Aisle,Yes,Clothing,Yes,2265,99.9,jackets,MAN
152174,End-cap,No,Clothing,No,2226,99.9,jackets,MAN
129906,Aisle,No,Clothing,No,2089,69.9,jackets,MAN
195879,Front of Store,Yes,Clothing,Yes,2339,129,jackets,MAN
155050,Aisle,No,Clothing,Yes,2321,129,jackets,MAN
194410,End-cap,No,Clothing,No,669,159,jackets,MAN
141904,End-cap,Yes,Clothing,Yes,1712,109,jackets,MAN
124981,Front of Store,No,Clothing,Yes,1832,89.9,jackets,MAN
161909,Aisle,Yes,Clothing,No,1290,299,jackets,MAN
129152,End-cap,No,Clothing,No,2356,49.9,jackets,MAN
183243,Front of Store,Yes,Clothing,No,1524,169,jackets,MAN
198248,Front of Store,Yes,Clothing,No,1644,69.9,jackets,MAN
191230,End-cap,No,Clothing,No,966,89.9,jackets,MAN
187234,Front of Store,Yes,Clothing,Yes,2575,59.9,jackets,MAN
148888,Front of Store,No,Clothing,No,2774,109,jackets,MAN
110805,Front of Store,Yes,Clothing,No,2477,159,jackets,MAN
179801,Front of Store,No,Clothing,Yes,2608,129,jackets,MAN
134927,Aisle,Yes,Clothing,Yes,2252,129,jackets,MAN
123150,End-cap,Yes,Clothing,No,2074,129,jackets,MAN
159145,End-cap,Yes,Clothing,No,2579,109,jackets,MAN
172364,Aisle,Yes,Clothing,No,2931,109,jackets,MAN
178281,End-cap,No,Clothing,Yes,1145,109,jackets,MAN
194339,End-cap,No,Clothing,No,1792,89.9,jackets,MAN
174412,Aisle,No,Clothing,Yes,1796,69.9,jackets,MAN
114877,Aisle,No,Clothing,No,1860,349,jackets,MAN
140727,End-cap,Yes,Clothing,Yes,1002,79.9,jackets,MAN
133109,Front of Store,No,Clothing,Yes,2063,79.9,jackets,MAN
127296,Aisle,No,Clothing,No,1165,89.9,jackets,MAN
133757,Aisle,Yes,Clothing,No,2071,129,jackets,MAN
111760,End-cap,No,Clothing,No,1474,109,jackets,MAN
198375,End-cap,No,Clothing,No,2202,69.9,jackets,MAN
168837,Aisle,No,Clothing,No,665,89.9,jackets,MAN
138505,Front of Store,No,Clothing,No,2478,69.9,jackets,MAN
116228,End-cap,Yes,Clothing,No,647,89.9,jackets,MAN
167592,Front of Store,Yes,Clothing,No,707,89.9,jackets,MAN
133100,End-cap,Yes,Clothing,No,2729,89.9,jackets,MAN
119955,Front of Store,No,Clothing,No,1590,89.9,jackets,MAN
189349,End-cap,Yes,Clothing,No,1245,89.9,jackets,MAN
127478,Front of Store,No,Clothing,Yes,2498,129,jackets,MAN
180661,Front of Store,No,Clothing,Yes,1041,129,jackets,MAN
186681,End-cap,No,Clothing,Yes,1717,19.99,jackets,MAN
133183,Front of Store,Yes,Clothing,Yes,2859,89.9,jackets,MAN
173508,Aisle,Yes,Clothing,No,1658,129,jackets,MAN
187930,End-cap,No,Clothing,Yes,706,89.9,jackets,MAN
124088,End-cap,Yes,Clothing,Yes,2065,79.9,jackets,MAN
190238,Front of Store,No,Clothing,Yes,1917,89.9,jackets,MAN
163234,Front of Store,No,Clothing,No,1633,89.9,jackets,MAN
135610,Aisle,Yes,Clothing,Yes,1513,109,jackets,MAN
117065,Aisle,Yes,Clothing,Yes,758,109,jackets,MAN
149315,End-cap,Yes,Clothing,No,718,109,jackets,MAN
149510,Aisle,No,Clothing,Yes,1412,59.9,jackets,MAN
137990,Aisle,No,Clothing,No,2929,29.99,jackets,MAN
154016,End-cap,Yes,Clothing,Yes,2366,189,jackets,MAN
117751,Aisle,No,Clothing,No,2749,89.9,jackets,MAN
182362,Front of Store,No,Clothing,No,2019,69.9,jackets,MAN
117725,Aisle,No,Clothing,Yes,1506,109,jackets,MAN
145289,End-cap,No,Clothing,No,1012,109,jackets,MAN
175059,Aisle,Yes,Clothing,No,2170,49.9,jackets,MAN
199368,Front of Store,No,Clothing,Yes,1061,139,jackets,MAN
162883,Front of Store,Yes,Clothing,No,786,139,jackets,MAN
135490,Front of Store,No,Clothing,No,1094,139,jackets,MAN
125408,End-cap,Yes,Clothing,Yes,2220,89.9,jackets,MAN
134763,Front of Store,No,Clothing,Yes,2048,89.9,jackets,MAN
143231,Aisle,No,Clothing,No,2578,89.9,jackets,MAN
125409,End-cap,Yes,Clothing,No,2040,89.9,jackets,MAN
183074,Aisle,No,Clothing,No,2791,89.9,jackets,MAN
147947,Aisle,Yes,Clothing,Yes,1249,89.9,jackets,MAN
174171,Front of Store,Yes,Clothing,Yes,2273,89.9,jackets,MAN
183064,Front of Store,Yes,Clothing,No,1773,89.9,jackets,MAN
177131,Aisle,Yes,Clothing,Yes,1733,69.9,jackets,MAN
128179,End-cap,Yes,Clothing,No,2060,89.9,jackets,MAN
152723,Aisle,No,Clothing,Yes,2849,169,jackets,MAN
123824,Aisle,Yes,Clothing,No,2277,169,jackets,MAN
166345,Aisle,No,Clothing,Yes,1135,69.9,jackets,MAN
199279,Aisle,No,Clothing,No,1770,19.99,jackets,MAN
167981,End-cap,No,Clothing,No,730,139,jackets,MAN
146839,Aisle,No,Clothing,No,1525,109,jackets,MAN
187180,Front of Store,No,Clothing,Yes,647,109,jackets,MAN
167640,End-cap,Yes,Clothing,Yes,1017,109,jackets,MAN
165158,Front of Store,No,Clothing,No,1622,109,jackets,MAN
111521,Front of Store,Yes,Clothing,Yes,2553,99.9,jackets,MAN
120228,End-cap,No,Clothing,No,2347,89.9,jackets,MAN
133078,Aisle,No,Clothing,Yes,2535,69.9,jackets,MAN
137598,Aisle,No,Clothing,Yes,2839,139,jackets,MAN
138779,Front of Store,Yes,Clothing,Yes,2801,139,jackets,MAN
198329,Front of Store,Yes,Clothing,Yes,628,109,jackets,MAN
110295,End-cap,Yes,Clothing,No,1448,129,jackets,MAN
196427,Aisle,Yes,Clothing,No,1401,169,jackets,MAN
110075,Front of Store,Yes,Clothing,Yes,2185,159,jackets,MAN
132322,Front of Store,Yes,Clothing,No,2135,12.99,jackets,MAN
199631,Front of Store,Yes,Clothing,No,1269,89.9,jackets,MAN
182306,Front of Store,No,Clothing,No,2805,89.9,jackets,MAN
194915,Aisle,Yes,Clothing,No,1796,79.9,jackets,MAN
131298,End-cap,Yes,Clothing,No,2133,69.9,jackets,MAN
168571,Aisle,No,Clothing,No,1778,89.9,jackets,MAN
154224,End-cap,Yes,Clothing,No,2474,89.9,jackets,MAN
171061,Aisle,No,Clothing,Yes,2032,59.9,jackets,MAN
119049,Aisle,No,Clothing,Yes,1659,89.9,jackets,MAN
158781,End-cap,Yes,Clothing,Yes,2443,69.9,jackets,MAN
151438,Aisle,No,Clothing,Yes,1137,69.9,jackets,MAN
152871,End-cap,No,Clothing,Yes,1847,69.9,jackets,MAN
126806,End-cap,Yes,Clothing,Yes,2404,109,jackets,MAN
134104,End-cap,No,Clothing,Yes,1466,59.9,jackets,MAN
120266,Front of Store,No,Clothing,No,2328,59.9,jackets,MAN
173550,End-cap,No,Clothing,Yes,1431,59.9,jackets,MAN
175927,End-cap,No,Clothing,Yes,1506,109,jackets,MAN
154278,End-cap,No,Clothing,Yes,2749,89.9,jackets,MAN
183537,Front of Store,Yes,Clothing,Yes,2434,19.99,jackets,MAN
150424,Front of Store,No,Clothing,Yes,2067,79.9,jackets,MAN
183825,Aisle,Yes,Clothing,Yes,2989,19.99,jackets,MAN
144012,Front of Store,Yes,Clothing,No,743,59.9,jackets,MAN
147051,Front of Store,No,Clothing,No,2325,109,jackets,MAN
185800,End-cap,No,Clothing,Yes,1841,109,jackets,MAN
197524,Aisle,Yes,Clothing,Yes,2231,49.9,jackets,MAN
148823,Aisle,No,Clothing,Yes,2211,89.9,shoes,MAN
114550,End-cap,No,Clothing,No,2114,69.9,shoes,MAN
125398,Aisle,Yes,Clothing,Yes,1350,69.9,shoes,MAN
123985,End-cap,No,Clothing,No,2240,69.9,shoes,MAN
186638,End-cap,Yes,Clothing,No,1296,59.9,shoes,MAN
167281,End-cap,Yes,Clothing,Yes,892,59.9,shoes,MAN
118578,End-cap,No,Clothing,Yes,1678,49.9,shoes,MAN
174041,End-cap,No,Clothing,No,2016,49.9,shoes,MAN
127644,Front of Store,No,Clothing,Yes,1498,45.9,shoes,MAN
132007,Aisle,No,Clothing,Yes,2491,9.99,shoes,MAN
147998,Aisle,No,Clothing,No,2556,9.99,shoes,MAN
176666,Aisle,Yes,Clothing,No,2852,45.9,shoes,MAN
193686,Aisle,Yes,Clothing,No,1899,99.9,shoes,MAN
163610,Front of Store,Yes,Clothing,No,2466,89.9,shoes,MAN
170364,Aisle,No,Clothing,No,818,45.9,shoes,MAN
167599,Aisle,No,Clothing,No,1500,59.9,shoes,MAN
166421,End-cap,Yes,Clothing,No,2878,79.9,shoes,MAN
129247,Front of Store,Yes,Clothing,No,2386,69.9,shoes,MAN
127314,End-cap,Yes,Clothing,Yes,2076,99.9,shoes,MAN
111979,Front of Store,No,Clothing,No,2734,59.9,shoes,MAN
120354,Aisle,Yes,Clothing,No,2836,59.9,shoes,MAN
144848,Front of Store,No,Clothing,No,2193,89.9,shoes,MAN
111957,Aisle,Yes,Clothing,No,2164,89.9,shoes,MAN
160763,Front of Store,Yes,Clothing,Yes,991,45.9,shoes,MAN
168270,End-cap,Yes,Clothing,Yes,1525,69.9,shoes,MAN
195082,Front of Store,No,Clothing,No,923,69.9,shoes,MAN
110329,Front of Store,No,Clothing,Yes,2397,69.9,shoes,MAN
147449,End-cap,No,Clothing,No,1191,69.9,shoes,MAN
193332,Aisle,Yes,Clothing,No,1237,49.9,shoes,MAN
146804,Aisle,Yes,Clothing,No,1504,69.9,shoes,MAN
188909,Aisle,Yes,Clothing,Yes,2863,39.9,sweaters,WOMAN
165910,End-cap,Yes,Clothing,No,2760,69.9,sweaters,WOMAN
136738,Front of Store,No,Clothing,Yes,542,7.99,sweaters,WOMAN
144497,End-cap,Yes,Clothing,Yes,1105,49.9,sweaters,WOMAN
135036,End-cap,Yes,Clothing,No,1435,49.9,sweaters,WOMAN
166331,Aisle,Yes,Clothing,Yes,2877,59.9,sweaters,WOMAN
139789,Aisle,No,Clothing,Yes,1094,69.9,sweaters,WOMAN
118569,Aisle,No,Clothing,Yes,994,49.9,sweaters,WOMAN
155848,End-cap,Yes,Clothing,No,1942,49.9,sweaters,WOMAN
152563,Front of Store,No,Clothing,Yes,2572,169,sweaters,WOMAN
115153,Aisle,No,Clothing,No,1736,79.9,sweaters,WOMAN
125938,Aisle,Yes,Clothing,Yes,1204,49.9,sweaters,WOMAN
122809,End-cap,No,Clothing,Yes,1592,49.9,sweaters,WOMAN
181502,Front of Store,Yes,Clothing,No,2591,39.9,sweaters,WOMAN
182779,End-cap,Yes,Clothing,Yes,2097,35.9,sweaters,WOMAN
155674,Front of Store,No,Clothing,No,897,49.9,sweaters,WOMAN
182866,Aisle,No,Clothing,Yes,1552,39.9,sweaters,WOMAN
148230,Front of Store,Yes,Clothing,No,2494,59.9,sweaters,WOMAN
126979,Front of Store,No,Clothing,No,2141,49.9,sweaters,WOMAN
135521,End-cap,No,Clothing,Yes,2835,39.9,sweaters,WOMAN
185809,End-cap,No,Clothing,No,622,49.9,sweaters,WOMAN
171520,End-cap,Yes,Clothing,Yes,2901,47.9,sweaters,WOMAN
122926,End-cap,No,Clothing,No,867,45.9,sweaters,WOMAN
150953,Front of Store,Yes,Clothing,Yes,2434,35.9,sweaters,WOMAN
115873,End-cap,Yes,Clothing,Yes,2606,59.9,sweaters,WOMAN
115581,Aisle,No,Clothing,Yes,2728,47.9,sweaters,WOMAN
183634,Front of Store,Yes,Clothing,Yes,2778,27.9,sweaters,WOMAN
122484,Aisle,Yes,Clothing,Yes,558,47.9,sweaters,WOMAN
183574,Aisle,Yes,Clothing,Yes,1752,47.9,sweaters,WOMAN
185307,Front of Store,No,Clothing,Yes,2743,7.99,sweaters,WOMAN
118719,End-cap,No,Clothing,Yes,1669,45.9,sweaters,WOMAN
134788,Front of Store,No,Clothing,No,2179,45.9,sweaters,WOMAN
140142,Front of Store,Yes,Clothing,No,606,49.9,sweaters,WOMAN
153997,End-cap,No,Clothing,Yes,1608,45.9,sweaters,WOMAN
123230,Aisle,No,Clothing,Yes,880,69.9,jackets,MAN
154676,Aisle,No,Clothing,No,943,69.9,jackets,MAN
152985,Aisle,Yes,Clothing,Yes,1049,89.9,jackets,MAN
175584,Front of Store,No,Clothing,No,2084,69.9,jeans,MAN
147491,End-cap,No,Clothing,No,1563,59.9,jeans,MAN
198283,End-cap,Yes,Clothing,Yes,1558,69.9,jeans,MAN
141547,End-cap,No,Clothing,No,1426,69.9,jeans,MAN
156342,Front of Store,Yes,Clothing,Yes,1466,109,jeans,MAN
186083,End-cap,No,Clothing,Yes,624,49.9,jeans,MAN
171776,Aisle,Yes,Clothing,No,1685,12.99,jeans,MAN
134429,Aisle,No,Clothing,No,2914,69.9,jeans,MAN
172816,Aisle,No,Clothing,Yes,1524,69.9,sweaters,MAN
136272,End-cap,No,Clothing,Yes,2887,12.99,sweaters,MAN
193227,End-cap,Yes,Clothing,Yes,1778,69.9,sweaters,MAN
165786,End-cap,No,Clothing,Yes,1278,59.9,sweaters,MAN
174708,Front of Store,No,Clothing,Yes,529,59.9,sweaters,MAN
142257,Aisle,Yes,Clothing,Yes,1180,19.9,t-shirts,MAN
126146,Aisle,No,Clothing,No,2759,39.9,t-shirts,MAN
129134,Aisle,No,Clothing,Yes,1831,29.9,t-shirts,MAN
129898,End-cap,No,Clothing,No,1866,39.9,t-shirts,MAN
189692,End-cap,Yes,Clothing,No,1553,39.9,t-shirts,MAN
154846,End-cap,Yes,Clothing,No,917,39.9,t-shirts,MAN
122307,End-cap,No,Clothing,No,702,49.9,t-shirts,MAN
182099,Aisle,Yes,Clothing,No,1978,39.9,t-shirts,MAN
159816,Front of Store,No,Clothing,Yes,1961,27.9,t-shirts,MAN
165326,Aisle,No,Clothing,No,1188,45.9,t-shirts,MAN
185154,Aisle,Yes,Clothing,No,996,39.9,t-shirts,MAN
141330,Aisle,No,Clothing,Yes,1915,39.9,t-shirts,MAN
158958,End-cap,No,Clothing,No,903,45.9,t-shirts,MAN
155010,Aisle,Yes,Clothing,Yes,729,45.9,t-shirts,MAN
135857,Aisle,No,Clothing,Yes,2045,45.9,t-shirts,MAN
147690,Aisle,Yes,Clothing,No,881,39.9,t-shirts,MAN
130321,End-cap,Yes,Clothing,No,2093,39.9,t-shirts,MAN
196752,End-cap,No,Clothing,No,2227,45.9,t-shirts,MAN
181011,Aisle,Yes,Clothing,Yes,994,89.9,shoes,MAN
139967,End-cap,No,Clothing,No,2634,69.9,t-shirts,MAN
162699,End-cap,No,Clothing,Yes,2732,89.9,sweaters,MAN
119044,Aisle,No,Clothing,Yes,1140,169,sweaters,MAN
121348,End-cap,No,Clothing,Yes,1008,169,t-shirts,MAN
163982,Front of Store,No,Clothing,No,2685,69.9,t-shirts,MAN
185774,End-cap,Yes,Clothing,Yes,1145,19.99,t-shirts,MAN
144651,Aisle,Yes,Clothing,No,1791,139,t-shirts,MAN
195103,Aisle,Yes,Clothing,No,2849,109,t-shirts,MAN
123047,Aisle,No,Clothing,Yes,2985,109,t-shirts,MAN
123077,Front of Store,No,Clothing,No,1603,109,t-shirts,MAN
171860,Aisle,Yes,Clothing,No,707,109,t-shirts,MAN
149487,Aisle,No,Clothing,Yes,1258,99.9,t-shirts,MAN
168516,Front of Store,Yes,Clothing,No,2168,89.9,t-shirts,MAN
177771,End-cap,Yes,Clothing,Yes,1764,69.9,t-shirts,MAN
172015,End-cap,Yes,Clothing,Yes,2622,139,t-shirts,MAN
118985,Aisle,No,Clothing,Yes,694,139,t-shirts,MAN
112194,Aisle,Yes,Clothing,Yes,2187,109,jackets,MAN
113435,Aisle,No,Clothing,Yes,2973,129,jackets,MAN
159182,Front of Store,Yes,Clothing,No,1014,169,jackets,MAN
199233,Aisle,Yes,Clothing,No,2222,159,jackets,MAN
137044,Aisle,No,Clothing,Yes,2534,12.99,jackets,MAN
154736,Front of Store,Yes,Clothing,Yes,1466,19.9,jackets,MAN
141434,Front of Store,No,Clothing,Yes,2870,39.9,jackets,MAN
